"Data Source","세계 개발 지표",

"Last Updated Date","2021-09-15",

"Country Name","Country Code","Indicator Name","Indicator Code","1960","1961","1962","1963","1964","1965","1966","1967","1968","1969","1970","1971","1972","1973","1974","1975","1976","1977","1978","1979","1980","1981","1982","1983","1984","1985","1986","1987","1988","1989","1990","1991","1992","1993","1994","1995","1996","1997","1998","1999","2000","2001","2002","2003","2004","2005","2006","2007","2008","2009","2010","2011","2012","2013","2014","2015","2016","2017","2018","2019","2020",
"Korea, Rep.","KOR","High-technology exports (% of manufactured exports)","TX.VAL.TECH.MF.ZS","","","","","","","","","","","","","","","","","","","","","","","","","","","","","","","","","","","","","","","","","","","","","","","","32.2276845061515","30.3342082673989","32.0648238413873","32.0752710596664","28.1829935588896","28.2250178965673","29.8180766409865","30.0603674039714","31.2272801332659","30.526875465186","32.5500266818874","36.3914425096334","32.4074909041543","",
"Korea, Rep.","KOR","Net barter terms of trade index (2000 = 100)","TT.PRI.MRCH.XD.WD","","","","","","","","","","","","","","","","","","","","","114.2857143","111.8644068","117.4311927","118.2692308","119.8113208","120.7920792","131.5789474","134.3137255","138.0530973","138.2608696","133.3333333","134.1880342","134.2105263","132.4324324","137.2727273","138.4615385","125.8928571","121.9047619","117.2413793","114.9425287","100","92.90823971","92.0722567","88.51957927","85.31032006","77.45858368","70.40444061","65.94362332","58.81489765","61.31065089","56.82242124","51.05174842","50.19474083","51.85720989","52.72107905","59.02676024","59.61550849","59.40316948","56.3331208","54.0062852","",
"Korea, Rep.","KOR","Merchandise trade (% of GDP)","TG.VAL.TOTL.GD.ZS","9.49928952213239","14.7669655606749","16.9845736073908","16.2204799051182","15.0913313595068","20.3791722296395","24.6124344555236","27.1216059438803","31.3762183235867","31.8808890656495","31.3158549667453","34.9472411285631","38.1778201373105","53.767038517902","57.889608855155","56.0908608065556","55.1459289149301","54.2546310477695","53.2862748216025","52.8717529311191","60.8636446981883","64.9894724158342","58.8369921063565","57.7003096352679","61.4048354970588","60.632100597188","56.7458183555403","59.6837030496854","56.3688238614141","50.1532247056425","47.5919037157664","46.3921613890732","44.5557642515983","42.2842713447784","42.7854951121282","45.9203336080925","45.8977339758367","49.2808706908353","58.8512383768668","52.9508133934564","57.7510654808893","53.2333823082841","50.1552754684888","53.0290037008951","60.3029590268672","58.3652128264225","60.2770420831711","62.1120800406861","81.8533437244572","72.7395422640289","77.9321514407257","86.1480328301884","83.4974910839536","78.437391670082","74.0174839510614","65.7165767574392","60.1034617865811","64.7928462440721","66.0964662384628","63.4937206579186","60.1113749689483",
"Korea, Rep.","KOR","Population, total","SP.POP.TOTL","25012374","25765673","26513030","27261747","27984155","28704674","29435571","30130983","30838302","31544266","32240827","32882704","33505406","34103149","34692266","35280725","35848523","36411795","36969185","37534236","38123775","38723248","39326352","39910403","40405956","40805744","41213674","41621690","42031247","42449038","42869283","43295704","43747962","44194628","44641540","45092991","45524681","45953580","46286503","46616677","47008111","47370164","47644736","47892330","48082519","48184561","48438292","48683638","49054708","49307835","49554112","49936638","50199853","50428893","50746659","51014947","51217803","51361911","51606633","51709098","51780579",
"Korea, Rep.","KOR","Population growth (annual %)","SP.POP.GROW","","2.96724397295283","2.85932081160452","2.78482005271866","2.61539463516021","2.54215095083813","2.51438743184719","2.33501369333053","2.32035109131777","2.26343403916519","2.18417394689467","1.97132365752048","1.87599936966995","1.7682927120788","1.712705419969","1.68200005474822","1.59655859407233","1.55903938603208","1.5191967189167","1.51687486775835","1.55846267819582","1.56020399239876","1.54546853308404","1.47421882108841","1.23401831140412","0.984565597108821","0.99472386803381","0.985133112424576","0.979189224150187","0.989093268458301","0.985130494218767","0.989785981821526","1.03916135557339","1.01582143742509","1.00615724501748","1.00620085457685","0.952779421852704","0.937713808920155","0.72186501759031","0.710794593061376","0.836180864297766","0.767241774760276","0.577957276814842","0.518321452985646","0.396331436697806","0.211997784117548","0.525199940498775","0.505234032920336","0.759316681850927","0.514682827535803","0.49822508440111","0.768971758582589","0.525713660600414","0.455218622164662","0.628149861433639","0.527288497407793","0.396851823381145","0.280968018301691","0.475334410431755","0.198353208370259","0.138141336294406",
"Korea, Rep.","KOR","Fertility rate, total (births per woman)","SP.DYN.TFRT.IN","6.095","5.929","5.738","5.533","5.325","5.125","4.941","4.772","4.617","4.474","4.53","4.54","4.12","4.07","3.77","3.43","3","2.99","2.64","2.9","2.82","2.57","2.39","2.06","1.74","1.66","1.58","1.53","1.55","1.56","1.57","1.71","1.76","1.654","1.656","1.634","1.574","1.537","1.464","1.425","1.48","1.309","1.178","1.191","1.164","1.085","1.132","1.259","1.192","1.149","1.226","1.244","1.297","1.187","1.205","1.239","1.172","1.052","0.977","0.918","",
"Korea, Rep.","KOR","Life expectancy at birth, total (years)","SP.DYN.LE00.IN","55.4155365853659","56.0149756097561","56.5123170731707","56.9706097560976","57.4409268292683","57.9682926829268","58.5751707317073","59.2414634146341","59.9446097560976","60.6750243902439","62.1634146341463","62.6121951219512","63.009756097561","63.4073170731707","63.8048780487805","64.1536585365854","64.5024390243902","64.9","65.1975609756098","65.5463414634146","66.0463414634146","66.5463414634146","67.0951219512195","67.5463414634146","68.1951219512195","68.7951219512195","69.4463414634146","69.9975609756098","70.5487804878049","71.0487804878049","71.5975609756098","72.0463414634146","72.4975609756098","72.9975609756098","73.3975609756098","73.7","74.1512195121951","74.6024390243903","75.0048780487805","75.409756097561","75.909756097561","76.4121951219512","76.7658536585366","77.2146341463415","77.6658536585366","78.1682926829268","78.6682926829268","79.119512195122","79.5170731707317","79.9682926829268","80.1170731707317","80.5682926829269","80.819512195122","81.2707317073171","81.7219512195122","82.0243902439024","82.2756097560976","82.6268292682927","82.6268292682927","83.2268292682927","",
"Korea, Rep.","KOR","Mortality rate, infant (per 1,000 live births)","SP.DYN.IMRT.IN","79.7","76.2","73","69.9","66.9","63.7","60.4","57","53.6","50.3","47.1","44.3","41.8","39.8","38","36.5","35.1","33.8","32.4","31","29.4","27.6","25.9","24.1","22.3","20.5","18.8","17.2","15.7","14.4","13.2","12.2","11.2","10.4","9.6","8.9","8.3","7.7","7.2","6.8","6.4","6.1","5.8","5.5","5.1","4.8","4.4","4.1","3.9","3.7","3.5","3.4","3.3","3.2","3.1","3","2.9","2.8","2.8","2.7","",
"Korea, Rep.","KOR","Contraceptive prevalence, any methods (% of women ages 15-49)","SP.DYN.CONU.ZS","","","","","","16","20","","","","","24.5","","","34.9","","44.2","","","54.5","","","57.7","","","70.4","","","77.1","","","79.4","","","77.4","","","80.5","","","79.3","","","84.5","","80.2","79.6","","","80","","","77.1","","","79.6","","","82.3","","",
"Korea, Rep.","KOR","Adolescent fertility rate (births per 1,000 women ages 15-19)","SP.ADO.TFRT","32.489","30.967","29.445","27.4024","25.3598","23.3172","21.2746","19.232","17.958","16.684","15.41","14.136","12.862","13.2402","13.6184","13.9966","14.3748","14.753","14.2606","13.7682","13.2758","12.7834","12.291","11.1114","9.9318","8.7522","7.5726","6.393","5.9366","5.4802","5.0238","4.5674","4.111","3.874","3.637","3.4","3.163","2.926","2.7788","2.6316","2.4844","2.3372","2.19","2.1518","2.1136","2.0754","2.0372","1.999","1.9524","1.9058","1.8592","1.8126","1.766","1.6886","1.6112","1.5338","1.4564","1.379","1.3204","1.2618","",
"Korea, Rep.","KOR","Net migration","SM.POP.NETM","","","-69136","","","","","-81844","","","","","-209938","","","","","-165135","","","","","92892","","","","","170581","","","","","71418","","","","","159428","","","","","81223","","","","","-156546","","","","","401183","","","","","58657","","","",
"Korea, Rep.","KOR","Unemployment, total (% of total labor force) (modeled ILO estimate)","SL.UEM.TOTL.ZS","","","","","","","","","","","","","","","","","","","","","","","","","","","","","","","","2.41","2.51","2.88","2.48","2.06","2.05","2.61","6.96","6.34","4.4","4","3.3","3.6","3.7","3.7","3.5","3.2","3.2","3.6","3.7","3.4","3.2","3.1","3.5","3.55","3.65","3.65","3.82","3.75","4.07",
"Korea, Rep.","KOR","Poverty headcount ratio at national poverty lines (% of population)","SI.POV.NAHC","","","","","","","","","","","","","","","","","","","","","","","","","","","","","","","","","","","","","","","","","","","","","","","","","","","","","","","","","","","","","",
"Korea, Rep.","KOR","Gini index (World Bank estimate)","SI.POV.GINI","","","","","","","","","","","","","","","","","","","","","","","","","","","","","","","","","","","","","","","","","","","","","","","31.7","","32.3","","32","","31.6","","31.2","","31.4","","","","",
"Korea, Rep.","KOR","Poverty headcount ratio at $1.90 a day (2011 PPP) (% of population)","SI.POV.DDAY","","","","","","","","","","","","","","","","","","","","","","","","","","","","","","","","","","","","","","","","","","","","","","","0.2","","0.2","","0.5","","0.2","","0.2","","0.2","","","","",
"Korea, Rep.","KOR","Income share held by lowest 20%","SI.DST.FRST.20","","","","","","","","","","","","","","","","","","","","","","","","","","","","","","","","","","","","","","","","","","","","","","","7.3","","7.2","","7.3","","7.3","","7.5","","7.5","","","","",
"Korea, Rep.","KOR","Prevalence of underweight, weight for age (% of children under 5)","SH.STA.MALN.ZS","","","","","","","","","","","","","","","","","","","","","","","","","","","","","","","","","","","","","","","","","","","","0.9","","","","","","0.7","","","","","","","","","","","",
"Korea, Rep.","KOR","Births attended by skilled health staff (% of total)","SH.STA.BRTC.ZS","","","","","","","","","","","","","","","","","","","","","","","","","","","","","","","98","97.9","","","98.4","","","99.6","","","99.9","","","99.9","","","","","","99.9","","","99.8","","","100","","","","","",
"Korea, Rep.","KOR","Immunization, measles (% of children ages 12-23 months)","SH.IMM.MEAS","","","","","","","","","","","","","","","","","","","","","4","5","5","33","61","89","89","82","70","95","93","93","93","92","92","93","89","85","85","90","95","96","97","96","99","99","99","92","92","93","98","99","99","99","99","98","98","97","98","98","",
"Korea, Rep.","KOR","Mortality rate, under-5 (per 1,000 live births)","SH.DYN.MORT","112.2","106.6","101.7","96.8","92","87","81.8","76.5","71.1","66","61.2","57","53.3","50.4","47.9","45.7","43.8","41.9","40","38","35.8","33.5","31.1","28.8","26.5","24.2","22.1","20.1","18.3","16.8","15.4","14.2","13.1","12.1","11.2","10.4","9.7","9","8.4","8","7.5","7.1","6.8","6.4","6","5.6","5.2","4.8","4.5","4.3","4.1","4","3.8","3.7","3.6","3.5","3.4","3.3","3.3","3.2","",
"Korea, Rep.","KOR","Prevalence of HIV, total (% of population ages 15-49)","SH.DYN.AIDS.ZS","","","","","","","","","","","","","","","","","","","","","","","","","","","","","","","","","","","","","","","","","","","","","","","","","","","","","","","","","","","","","",
"Korea, Rep.","KOR","Government expenditure on education, total (% of GDP)","SE.XPD.TOTL.GD.ZS","","","","","","","","","","","3.41404008865356","3.73918008804321","3.22075009346008","2.68021988868713","","2.08925008773804","2.75457000732422","2.42641997337341","","3.01883006095886","3.45873999595642","2.89862990379334","6.32966995239258","4.31538009643555","4.00532007217407","3.98644995689392","3.63594007492065","3.37423992156982","2.74737000465393","3.06262993812561","3.03873991966248","3.48924994468689","3.57788991928101","3.69697999954224","3.01831007003784","2.93543004989624","","","3.36813998222351","3.3692901134491","","","","","","","","","","","","","","","","","4.33309984207153","","","","",
"Korea, Rep.","KOR","School enrollment, secondary (% gross)","SE.SEC.ENRR","","","","","","","","","","","","38.9960594177246","42.6476402282715","45.8664703369141","49.728271484375","53.5507888793945","57.9566116333008","62.1221504211426","65.5421524047852","69.6173477172852","75.6846466064453","81.0374603271484","81.8123092651367","83.5307235717773","87.8995895385742","90.0870590209961","92.1809387207031","94.3601226806641","92.7553176879883","92.9998397827148","92.8971405029297","92.2161178588867","91.8161468505859","93.7937927246094","97.1789932250977","98.6945190429688","100.812080383301","99.2193374633789","97.1082382202148","96.3073196411133","95.9592514038086","95.6170883178711","95.8093109130859","96.4939270019531","97.1922988891602","97.0683975219727","95.8076019287109","95.2472610473633","95.0455474853516","95.9757919311523","96.3649597167969","96.8976593017578","97.8017578125","99.3650512695313","99.8673324584961","100.007797241211","100.485046386719","100.338249206543","98.5063629150391","","",
"Korea, Rep.","KOR","School enrollment, primary (% gross)","SE.PRM.ENRR","","","","","","","","","","","","105.012771606445","106.508506774902","106.374153137207","105.314781188965","104.470108032227","104.939628601074","103.456993103027","103.513801574707","104.779319763184","105.094932556152","105.475036621094","105.103332519531","104.652290344238","103.217407226563","101.902221679688","100.937271118164","101.647216796875","102.157157897949","103.556831359863","105.301773071289","105.213882446289","104.810440063477","103.845306396484","103.675399780273","103.302520751953","102.900238037109","101.840400695801","102.766448974609","102.564331054688","100.624046325684","99.2433090209961","98.9269866943359","99.9171829223633","100.259986877441","101.108848571777","101.738471984863","102.920379638672","102.882881164551","102.003982543945","101.719871520996","101.711959838867","100.330307006836","98.0634918212891","98.3057708740234","98.784538269043","97.7184219360352","98.0886001586914","99.6097793579102","","",
"Korea, Rep.","KOR","Primary completion rate, total (% of relevant age group)","SE.PRM.CMPT.ZS","","","","","","","","","","","","95.7929000854492","97.5107574462891","106.419677734375","104.319511413574","103.918472290039","107.698669433594","101.551246643066","100.037086486816","102.891822814941","99.4368133544922","103.755989074707","101.225769042969","102.957733154297","109.026176452637","106.545433044434","105.440322875977","104.67342376709","99.8779830932617","95.0030670166016","98.9879913330078","96.4968872070313","107.437782287598","106.743988037109","108.79670715332","108.436981201172","","97.0941772460938","99.087532043457","103.68830871582","103.226982116699","99.6530227661133","94.8135604858398","100.867851257324","99.6764678955078","97.8437118530273","99.1393203735352","101.092338562012","100.107696533203","101.623352050781","101.158668518066","102.978080749512","109.699768066406","103.185897827148","96.1553192138672","101.410797119141","98.0155715942383","91.3551177978516","95.3767700195313","","",
"Korea, Rep.","KOR","School enrollment, primary and secondary (gross), gender parity index (GPI)","SE.ENR.PRSC.FM.ZS","","","","","","","","","","","","0.877659976482391","0.880879998207092","0.881309986114502","0.882189989089966","0.88384997844696","0.885869979858398","0.890120029449463","0.898119986057281","0.911239981651306","0.9341099858284","0.949150025844574","0.954249978065491","0.957340002059937","0.966920018196106","0.975149989128113","0.980650007724762","0.993350028991699","0.977859973907471","0.980430006980896","0.983640015125275","0.987950026988983","0.991810023784637","0.997669994831085","0.997359991073608","1.01213002204895","1.01521003246307","1.01029002666473","1.01148998737335","1.00989997386932","1.00961005687714","1.01021003723145","1.00986003875732","1.00964999198914","1.00923001766205","1.00725996494293","1.0020500421524","0.999469995498657","0.99906998872757","0.998329997062683","0.997699975967407","0.996860027313232","0.997269988059998","0.997399985790253","0.996720016002655","0.995540022850037","0.99481999874115","0.995310008525848","0.995530009269714","","",
"Korea, Rep.","KOR","Literacy rate, adult total (% of people ages 15 and above)","SE.ADT.LITR.ZS","","","","","","","","","","","","","","","","","","","","","","","","","","","","","","","","","","","","","","","","","","","","","","","","","97.9659423828125","","","","","","","","","","","","",
"Korea, Rep.","KOR","GNI per capita, PPP (current international $)","NY.GNP.PCAP.PP.CD","","","","","","","","","","","","","","","","","","","","","","","","","","","","","","","8340","9460","10170","11010","12150","13450","14640","15630","14780","16620","18420","19580","21320","22010","23720","25010","26800","28980","29950","29480","31800","32750","33910","34460","35500","38020","39720","41120","42660","43100","43480",
"Korea, Rep.","KOR","GNI per capita, Atlas method (current US$)","NY.GNP.PCAP.CD","","","120","120","130","130","140","150","190","240","280","310","340","430","550","660","810","970","1280","1680","1870","2030","2050","2170","2340","2480","2850","3530","4520","5380","6450","7570","8310","9010","10090","11820","13320","13550","10330","10430","11030","11950","12850","13790","16200","18520","20800","23440","23860","22040","22290","23590","25660","26980","28160","28720","29330","30300","32730","33790","32860",
"Korea, Rep.","KOR","GNI, PPP (current international $)","NY.GNP.MKTP.PP.CD","","","","","","","","","","","","","","","","","","","","","","","","","","","","","","","357710428300.942","409659099456.213","444828918905.252","486681718733.633","542502076261.54","606430054989.582","666371029694.772","718343506835.332","683920363531.998","774850771229.198","865669724546.743","927513130075.999","1015663096721.17","1053993659740.38","1140630764436.81","1205046439840.2","1297980732376.34","1410691983633.4","1469369248901.13","1453798253504.91","1575608024775.93","1635336002448.05","1702177999918.46","1737909546523.48","1801276221059.28","1939637111593.39","2034377961086.03","2112226195329.95","2201443848916.6","2228622238900.27","2251444629457.95",
"Korea, Rep.","KOR","GNI, Atlas method (current US$)","NY.GNP.ATLS.CD","","","3142933789.63657","3272992999.12224","3776249918.29134","3865403577.78448","4041134425.60138","4558593755.95503","5846263438.05191","7500443679.35708","8966378410.38602","10354735881.6794","11544765072.69","14573219103.8625","19026524456.2222","23174959984.9073","28867967286.1676","35232836140.1764","47430925900.2013","63233601651.2855","71403740237.1995","78749279568.1458","80701724149.7626","86673858930.8936","94652662136.3134","101024006189.049","117580207320.929","147007855175.17","190182706045.347","228461497485.022","276676125312.102","327840347916.781","363598668961.734","398227308713.553","450554251092.313","532851643985.545","606267651462.596","622536326094.756","478269215596.456","486020592320.322","518606350457.905","566261644793.713","612248153691.023","660341081545.231","778810533811.414","892240416286.542","1007514482863.5","1141017119683.78","1170238862341.03","1086542621215.45","1104402053926.4","1177848647578.97","1287992963404.54","1360356680288.78","1429108721005.25","1465056826482.13","1502014490137.9","1556023587982.75","1689209625242.78","1747192990746.33","1701253165028.26",
"Korea, Rep.","KOR","GDP per capita, PPP (current international $)","NY.GDP.PCAP.PP.CD","","","","","","","","","","","","","","","","","","","","","","","","","","","","","","","8352.57989329922","9471.52034638661","10181.4991045595","11026.9626713038","12183.1070265053","13497.9780419748","14689.0943595965","15716.347701746","14969.5542325769","16807.1294764195","18539.3769836658","19713.5272991316","21396.8377455369","22084.6263884302","23763.54553027","25186.8675668092","26875.0704832885","29050.3756482503","29946.0774891302","29529.8844171355","31748.2817947701","32546.7536531234","33557.1287196434","34244.3121393117","35324.4976704773","37902.4004037578","39575.4542830031","40957.4180587145","42487.0419465669","42727.9507570391","43124.2946857302",
"Korea, Rep.","KOR","GDP per capita (current US$)","NY.GDP.PCAP.CD","158.249303269821","93.8286490466039","106.148505720006","146.314341932979","123.603494825331","108.722131222718","133.474848530354","161.159931018546","198.431298008386","243.422412925948","279.304968942819","301.176567717333","324.196276804765","406.898830134849","563.355957816833","617.456061933567","834.134207951691","1055.8800411599","1405.82237444554","1783.62231287847","1715.42945990136","1883.4512785111","1992.52822470637","2198.93447182242","2413.26392539765","2482.39995573606","2834.90384756925","3554.59520559057","4748.62960780671","5817.02918132136","6610.0365083067","7636.98242937015","8126.67038993422","8884.92831945455","10385.3361681219","12564.7781344586","13403.049586225","12398.4800276705","8281.69998157684","10672.4179334373","12256.9935679503","11561.2483689073","13165.0657360554","14672.8574703505","16496.1200942502","19402.5026259549","21743.4774514254","24086.4104391677","21350.427979823","19143.8516053025","23087.2256438476","25096.2638838239","25466.7605170594","27182.7343101936","29249.5752209742","28732.2310762599","29288.8704389833","31616.8434004683","33422.9442100836","31846.2182324258","31489.1226973168",
"Korea, Rep.","KOR","GDP growth (annual %)","NY.GDP.MKTP.KD.ZG","","6.93599265224405","3.89527253075299","9.02056828279763","9.47382471805444","7.31843358022128","11.9939566084487","9.0796065539801","13.1657682900767","14.5613666963927","10.0527348072623","10.5455135521971","7.21436072179991","14.8983226573489","9.51183543440047","7.8399333381073","13.2214478025627","12.3359821950185","10.9529856954848","8.67122670709715","-1.64568764044438","7.24617628510612","8.33807808691536","13.3761744903693","10.5516403549853","7.83886402174087","11.3272611963066","12.7236921193269","11.9877155593824","7.07289360531416","9.8775525016936","10.7780561268967","6.19864279836374","6.87747412868558","9.26866633778376","9.61456539319965","7.89070332600667","6.17055242658977","-5.12944816520964","11.4669424267425","9.06083332508534","4.85239957151281","7.72514267547173","3.14729119373409","5.19739136324382","4.30854271411236","5.26432659466724","5.79954841503216","3.01298487281167","0.792698989518186","6.80482491783671","3.68566778212526","2.40253099246186","3.16470863647184","3.2024537945736","2.80910326824133","2.94688171508626","3.15963574012777","2.90740377377135","2.03934822710794","-0.957766223525297",
"Korea, Rep.","KOR","GDP (current US$)","NY.GDP.MKTP.CD","3958190758.62419","2417558289.36656","2814318516.60968","3988784572.24835","3458939357.73377","3120833333.33333","3928908380.62947","4855907141.80098","6119284294.23459","7678581343.69794","9005023183.92581","9903499927.98502","10862327878.032","13876531432.0145","19544094741.2663","21784297520.6612","29902479338.843","38446487603.3058","51972107438.0165","66946900826.4463","65398646757.6511","72933350953.7025","78358866334.7376","87760360941.0248","97510235986.0046","101296177099.377","116836802995.065","147948259722.577","199590823957.237","246927292765.02","283367525714.932","330648530715.211","355525267405.367","392666101884.959","463617399962.661","566583427334.137","610169556840.077","569754543829.957","383330931042.356","497512659612.052","576178114168.494","547658231279.87","627246081417.004","702717332012.991","793175007858.066","934901071332.984","1053216909887.56","1172614086539.86","1047339010225.25","943941876218.743","1144066965324.49","1253223044718.99","1278427634342.59","1370795199976.18","1484318219633.63","1465773245547.15","1500111596236.37","1623901496835.79","1724845615629.26","1646739219509.89","1630525005469.11",
"Korea, Rep.","KOR","Inflation, GDP deflator (annual %)","NY.GDP.DEFL.KD.ZG","","12.9120452623061","16.7234803310093","30.0046516124464","30.3020718866228","4.73373590386763","14.494951550443","12.9641053251663","13.8797425768024","14.0893731083828","14.845723817197","11.2075818733564","15.7804011989787","12.7211641620903","30.5953697699091","23.6822668576014","21.2369312962486","14.4538968450507","21.8357285205065","18.5347204867413","24.6509963131763","16.585783368217","6.45829566849075","4.82028558506012","4.42130022868379","3.98543544625214","4.96718010956681","4.83110780905717","7.12330844241802","6.06512584651017","10.0874657380898","9.14103327577023","7.77796412307066","6.25452282376592","8.15895865164057","7.02456165565981","4.11067476454059","4.00328576264543","4.47592317611709","-1.22983539023988","1.02176500548737","3.47849914716076","3.03313964628073","3.44999346268816","3.12788028772735","1.041401491649","-0.223195612442552","2.41919594427836","2.8263023010858","3.60864412572843","2.73749683726491","1.2818638059201","1.2518081696316","1.01854380505277","0.906896750615815","3.18559596664953","1.98603850545349","2.22278138152841","0.482948983102617","-0.922268892218497","1.25182390212832",
"Korea, Rep.","KOR","Industry (including construction), value added (% of GDP)","NV.IND.TOTL.ZS","17.3297046345954","17.8859093771752","17.8838900125731","18.0718941643846","19.3421479558728","23.2814924403709","23.0594613862129","23.3446506600082","24.0711205623486","24.5957354496398","24.7979689623114","23.3304246655032","24.8775687138271","27.6246992202341","26.6110056925996","26.6853826017679","27.6408158752971","28.4639484955476","30.2112942018327","31.5585622008314","32.0802213210288","31.272523746824","31.6824527900067","32.9796812871896","34.5128532038534","33.9458774964626","34.8748079832365","35.9477328267232","36.5902323851482","36.1736121079506","36.321838965836","37.1477199666283","35.8813190709258","36.2140774214714","36.2427361129083","36.4912556111278","35.4480556111846","35.3964691630175","35.3082832897723","34.6658652504933","34.7553167849948","33.2209651958152","32.8127498833055","33.1112597254483","34.7348397118927","34.1503317465453","33.5172729953167","33.4537500773177","32.5102179703721","32.9053600052499","34.116775965605","34.4509672575549","34.1346926355836","34.447829188741","34.0916723723005","34.1499356702728","34.2977996755017","34.766308535902","34.0458023068892","32.8321469501494","32.8011976806499",
"Korea, Rep.","KOR","Agriculture, forestry, and fishing, value added (% of GDP)","NV.AGR.TOTL.ZS","36.5604738653646","38.6820908879976","36.6342316733177","43.1037142746943","46.5268764871296","37.5299197729104","34.395489977206","30.2081271600615","28.1593714927048","27.4095432646679","26.4857326753915","27.1378708551483","26.5060805586147","24.6069509525446","24.1720430107527","24.4859440798209","23.0466806699464","21.7899731837211","19.9169134747262","18.5363384698","14.2693158733395","15.0254279260235","14.0032747623353","12.6252752272691","11.872560957765","11.753699377168","10.4282337953388","9.30920690431544","9.2210196671523","8.54152367465251","7.60649633369599","6.82449065102394","6.60760508004589","5.91488137145192","5.65822105841338","5.32867203919185","4.96065098383236","4.47516963965802","4.22594069826381","4.24975441835615","3.8577920379894","3.56581902129398","3.20680203781807","2.96459727836726","2.95801854433406","2.61997573131402","2.49747041944548","2.28340908477707","2.14224974257429","2.24055681194729","2.1440163216522","2.20919995518876","2.1861850409628","2.09904711367279","2.05667705037638","2.00390779269061","1.85903488299151","1.8507562953431","1.74640339447114","1.62242066983599","1.75806848793234",
"Korea, Rep.","KOR","Imports of goods and services (% of GDP)","NE.IMP.GNFS.ZS","11.9787080765229","13.9613510557194","15.5961296670858","14.6546071662745","12.3796776984642","14.3302180685358","18.2173778457325","19.6792070766279","22.635123161439","22.4503538727143","21.122076807552","23.0133798720186","21.442463153455","27.6536464458235","33.3004427577483","31.3289578512083","28.3490409595932","27.8765698808583","29.2218092190264","30.8897825154387","37.0916624501889","37.1914120854121","32.8610879333038","30.0265422641859","28.4638376003451","25.7854049202482","28.139316294091","28.1848973440769","26.2143762753031","25.5550904754954","25.7559726400879","26.0485043988995","24.6870370050097","23.2462078175323","24.5951471891851","26.7397699895283","27.8520014937326","29.1775230266763","28.960790952901","27.1719308212149","32.1559911508662","30.4360561697363","28.5802849932838","29.7767640156921","33.2613784169595","33.0417282278992","35.0254549142976","36.4823455972789","47.8744672251696","40.9482674584271","44.2958595844342","52.2285816810148","51.3642764025061","46.6600338441855","42.7830210318588","36.142932861381","33.4711585544775","36.1867108656532","37.2755746703469","37.0492661460556","33.1809523631366",
"Korea, Rep.","KOR","Gross capital formation (% of GDP)","NE.GDI.TOTL.ZS","10.5218922596654","12.6951506513308","14.0736893893839","18.7873645234697","15.4134220203331","14.76322784734","21.6974495108201","22.2012454134377","27.0978793785811","29.9341064600978","26.3248229993564","24.9767306573589","21.4799540736228","26.010891393628","32.5996204933586","28.5263097993095","27.6359792161848","30.1057066546289","34.4844858772784","37.4738830268222","34.0306254735671","32.1599845378882","31.9669870440906","32.4767443056047","32.2979770025435","32.2700519802064","32.6140108636336","32.5855520806457","34.8157159129749","36.716067014954","39.553052959719","41.234017826544","38.7383404530073","37.6542961146489","38.5126018340191","38.9494879502633","39.4235194434807","37.1886218828056","27.7790487352091","31.0128277310285","32.8936286973186","31.6029375635501","31.0928327590252","32.2796152215581","32.5495531236433","32.5081847804131","32.9933079853202","33.0974830502206","33.6668294033225","29.3999897291047","32.5521135765371","33.3194258170924","31.3166467538553","29.8853272856136","29.7904786327772","29.5292808218765","30.1426786021619","32.2880634736146","31.487184177201","31.3480402361618","31.6421721726731",
"Korea, Rep.","KOR","Exports of goods and services (% of GDP)","NE.EXP.GNFS.ZS","2.62146802209237","4.04057144751235","3.87306620018586","3.94569367840475","4.96295695435864","7.12902488603423","8.44222236813718","9.1129854904767","10.1423592651663","10.6103061473521","11.4388900808124","12.6759744037231","16.599104904281","23.9248819495956","22.2302340290955","22.6526044235366","25.5313415510475","26.0488711905031","24.9959251823729","23.654802282554","28.4391983909417","29.9399232531639","27.3678312205647","27.8856817190339","28.9039626523546","26.8716448597919","31.9677081694758","34.8152554935258","32.4892615964826","27.3585690867047","24.9943407384065","23.7765747515992","24.0723886361933","23.6724704162335","24.0708425974796","25.7242519716753","24.8019714336879","28.3455147196928","39.5366811034608","32.590822939439","33.9391689573172","31.7877410482541","29.7727544096379","31.3978372633201","36.7543364487134","35.2830827957409","35.6264186161218","37.3921796905127","47.6418852095772","45.1853519113199","47.1037369107414","53.3377319003336","54.0940513351953","51.2920711097027","47.8314208662979","42.989561527711","40.1326509111205","40.9342069409884","41.7132908430894","39.9471631621625","36.8974267959481",
"Korea, Rep.","KOR","Military expenditure (% of GDP)","MS.MIL.XPND.GD.ZS","7.15754833401892","6.72614962251201","6.8671963677639","4.82385908726982","4.13443960061876","4.41047487783486","4.68887369346488","4.68514253950608","4.73064179653945","4.69439489249836","4.40334654337296","4.73498860643367","5.010068079394","4.03473216443858","4.54144562770677","4.87871647715607","5.90815568383151","6.03493912122816","6.37145061919441","5.5258765683501","6.39877211320904","6.41585729782663","6.24089448534207","5.72681360842501","5.25453539277515","5.22553168462828","4.94825625094216","4.46860555045954","4.28121593799201","4.2902352949115","4.00230428922186","3.71112784107967","3.69027269027269","3.41789483823914","3.19275266895546","2.8923329861881","2.74347966333348","2.66338780772064","2.79444200391705","2.49257721979611","2.45731751955534","2.42787774091322","2.31547437727618","2.32866461778874","2.33106488784499","2.46728273718568","2.48836866984537","2.46963885628269","2.48940276894302","2.60351410605304","2.46271920274076","2.47295558071308","2.49929988050229","2.50300902333872","2.52993578083201","2.4949812140441","2.45957802237446","2.42148913266294","2.50303525682717","2.67312816189399","2.84724054681077",
"Korea, Rep.","KOR","Mobile cellular subscriptions (per 100 people)","IT.CEL.SETS.P2","0","","","","","0","","","","","0","","","","","0","0","0","0","0","0","0","0","0","","","0.017181584","0.024600255","0.048359739","0.093473477","0.186411806","0.382974251","0.620155191","1.064133759","2.142473083","3.623761556","6.952826103","14.890419","30.06950712","49.86014727","56.59946726","60.88429049","67.38082966","69.60450404","75.44536178","78.72993476","82.23556489","90.48503502","92.73018818","97.15641094","102.4656157","105.4646393","107.1189423","108.6107086","113.2043576","115.9612246","120.2263275","124.5854293","129.6727883","134.4892665","137.536175",
"Korea, Rep.","KOR","Time required to start a business (days)","IC.REG.DURS","","","","","","","","","","","","","","","","","","","","","","","","","","","","","","","","","","","","","","","","","","","","17","17","17","17","17","17","14","14","9","8","8","8","8","8","8","8","8","",
"Korea, Rep.","KOR","Ease of doing business index (1=most business-friendly regulations)","IC.BUS.EASE.XQ","","","","","","","","","","","","","","","","","","","","","","","","","","","","","","","","","","","","","","","","","","","","","","","","","","","","","","","","","","","","5","",
"Korea, Rep.","KOR","Revenue, excluding grants (% of GDP)","GC.REV.XGRT.GD.ZS","","","","","","","","","","","","","12.8875038076716","11.9226385396125","12.8146742567995","14.5775636405023","15.9747940965121","15.7888231469091","16.2356635989584","16.5914148069736","16.9615683786825","17.1814664041329","17.2378880925033","16.7714207235301","15.9190648328759","15.5883884774372","15.2652113203956","15.209806586479","15.4512458328967","15.3810151638885","15.6225536782209","14.8250729644496","15.4463776136698","15.8108999486962","16.0338411365141","16.2159762447001","16.9035036912431","16.7416418174257","17.7488321721291","17.9230375025573","20.6630035185374","20.0650035578843","19.8083688216741","20.088768338777","19.2913308892879","19.6923111630733","20.4936249597877","21.65870112536","21.3658810110582","20.3656421154045","20.0950757108363","20.6923420295748","26.6522034337066","26.1151297314913","24.9884443554289","24.8139902551051","25.7571874228072","26.1846800505088","27.4489232783243","27.959459352073","",
"Korea, Rep.","KOR","Central government debt, total (% of GDP)","GC.DOD.TOTL.GD.ZS","","","","","","","","","","","","","","","","","","","","","","","","","","","","","","","7.44280156883706","10.242860165184","9.99384594985674","9.20041893348368","8.1789368617001","7.21688976925724","6.86298018400292","8.6798604727881","","","","","","","","","","","","","","","32.4090205799357","34.9298593014974","36.5002640215506","37.4929571097141","38.0655141568922","","","","",
"Korea, Rep.","KOR","Research and development expenditure (% of GDP)","GB.XPD.RSDV.GD.ZS","","","","","","","","","","","","","","","","","","","","","","","","","","","","","","","","","","","","","2.26089","2.2977","2.16151","2.06662","2.18023","2.34108","2.27382","2.3515","2.53248","2.62617","2.83066","3.00035","3.12343","3.29324","3.46594","3.74361","4.02554","4.14853","4.28874","4.21702","4.22744","4.55324","4.81009","","",
"Korea, Rep.","KOR","Inflation, consumer prices (annual %)","FP.CPI.TOTL.ZG","7.9655780388723","8.19564895830665","6.61831775572471","20.6916290621318","29.4628156796379","13.5482032863598","11.2613858502853","10.8824421524755","10.7718195766741","12.3895676789598","15.9503416146001","13.5117038546779","11.6889857102633","3.22102913870131","24.3041953736937","25.2492578991944","15.3273285373806","10.0966631590669","14.4602876220116","18.3235003042007","28.697587276634","21.3516531701039","7.19084762569721","3.42061545401478","2.27394229841602","2.4591170060939","2.74998326953285","3.04965909814169","7.14609525631211","5.70016093670056","8.57360068709822","9.33336072477763","6.2126786445748","4.80110248980126","6.26581477198877","4.48068699525355","4.9248096866348","4.43906376109768","7.51334012248214","0.812996589285747","2.25918477850415","4.06641964799839","2.76251135208606","3.51487924186862","3.59059139085802","2.75409020054754","2.24184710439148","2.53484687118478","4.6737959569162","2.75668647737581","2.93918135927598","4.02584624959385","2.18722120847932","1.30137705753611","1.27471470205519","0.706208169859214","0.971674763956376","1.94445590723395","1.47586240396369","0.38294613224406","0.537258392675479",
"Korea, Rep.","KOR","Annual freshwater withdrawals, total (% of internal resources)","ER.H2O.FWTL.ZS","","","","","","","","","","","","","","","","","","","","","","","","","","","","","","","","","33.8649631016191","","","","","39.2289899768697","","","","","44.9776407093292","","","","","45.0223592906708","","","","","45.0223592906708","","","","","45.0223592906708","","","",
"Korea, Rep.","KOR","CO2 emissions (metric tons per capita)","EN.ATM.CO2E.PC","0.501837250634426","0.561314583166525","0.651713666827217","0.774109781005597","0.793961904513465","0.871121999155956","1.01966409960248","1.16663508787616","1.20765572631074","1.34802730867157","1.66819197907051","1.78260872341885","1.8008084426734","2.14333025375457","2.18166435135716","2.31937141314415","2.60280779210904","2.90324264431347","3.06757214150109","3.54905609374865","3.53765053434504","3.60873746954284","3.60840908915223","3.78107893322951","4.05661068878063","4.3703049256987","4.42696724878253","4.62884887663139","5.28082935536031","5.55599804169885","5.81418634876632","6.32949633986781","6.77082969030649","7.39071726093045","7.9125854529212","8.52261053164559","8.98150170453693","9.36771411498299","7.90014315836303","8.60078465052325","9.6938590023326","9.93283451583575","9.69550969911975","9.70113586037681","10.084746183951","9.96335735008564","10.0527904658571","10.3012022232192","10.4615850531615","10.6553045778627","11.588543852829","11.9609574036602","11.9315090424667","11.8511425582949","11.5475582343263","11.8888685702251","12.003248167439","12.175364736721","12.224591362122","","",
"Korea, Rep.","KOR","Energy use (kg of oil equivalent per capita)","EG.USE.PCAP.KG.OE","","","","","","","","","","","","516.110749286312","551.258116376802","632.250968964772","675.274108644272","693.338047900093","758.243819417609","866.020804522271","935.264924017124","1063.67794458371","1082.19259504076","1046.41413344253","1095.50331543592","1168.98065399139","1257.11647560078","1302.10237068585","1477.31277245508","1579.66574639329","1761.0147992992","1857.29832087125","2167.33960770932","2306.64347206365","2534.34102827464","2814.18823120312","2958.40772966166","3210.13203581905","3454.85485115206","3726.15776616316","3377.63507431097","3708.70521294343","4002.67128368549","4033.31896845449","4170.47614661985","4233.4873245883","4332.6677414717","4364.21909084115","4412.52711800821","4564.98783020283","4629.77792060244","4649.76574209758","5045.48774882698","5216.58780873474","5248.51989108414","5231.6754603358","5289.27583193211","5413.34785665856","","","","","",
"Korea, Rep.","KOR","Electric power consumption (kWh per capita)","EG.USE.ELEC.KH.PC","","","","","","","","","","","","295.596128590885","343.5863454393","397.089430069933","458.949553770861","501.718714680608","577.931760256901","659.236931329532","779.514073680553","880.556087514343","913.629355959634","971.793481786445","1027.86040261248","1140.70509385736","1250.23647503848","1340.12995817452","1480.01850065587","1674.24724945095","1920.52355715261","2095.19471324651","2373.21440622182","2588.84807601235","2826.18879480603","3091.37119561228","3495.48873089952","3881.02443681325","4280.71094007227","4651.62888288573","4436.17440704043","4878.83338402692","5906.95933303936","6309.20340491116","6673.93770426181","6977.31766234802","7390.7941470371","7796.31467432068","8039.7962834858","8462.20654257597","8772.28746321352","8877.57493307098","9716.12608051578","10129.9570868187","10305.3289817402","10384.6221649164","10496.5136719641","","","","","","",
"Korea, Rep.","KOR","Total debt service (% of exports of goods, services and primary income)","DT.TDS.DECT.EX.ZS","","","","","","","","","","","","","","","","","","","","","","","","","","","","","","","","","","","","","","","","","","","","","","","","","","","","","","","","","","","","","",
"Korea, Rep.","KOR","Net official development assistance received (current US$)","DT.ODA.ODAT.CD","250710006.713867","229149993.896484","236210006.713867","262200012.207031","171690002.441406","220490005.493164","230630004.882813","259089996.337891","239630004.882813","338299987.792969","274670013.427734","324510009.765625","365429992.675781","282000000","252039993.286133","247479995.727539","216139999.389648","237179992.675781","164210006.713867","133860000.610352","138710006.713867","330390014.648438","33779998.7792969","7639999.8664856","-36880001.0681152","-8819999.69482422","-17569999.6948242","10659999.8474121","9279999.73297119","51669998.1689453","52279998.7792969","54419998.1689453","-3099999.90463257","-35110000.6103516","-114230003.356934","57000000","-148899993.896484","-159649993.896484","-50369998.9318848","-55099998.4741211","","","","","","","","","","","","","","","","","","","","","",
"Korea, Rep.","KOR","External debt stocks, total (DOD, current US$)","DT.DOD.DECT.CD","","","","","","","","","","","","","","","","","","","","","","","","","","","","","","","","","","","","","","","","","","","","","","","","","","","","","","","","","","","","","",
"Korea, Rep.","KOR","Market capitalization of listed domestic companies (% of GDP)","CM.MKT.LCAP.GD.ZS","","","","","","","","","","","","","","","","","","","","8.05312857420615","5.85449422858596","5.79195929538673","5.62504309489479","4.99861207606922","6.38125827209882","7.28637566722683","11.9175718977762","22.3275083207749","47.270870538725","56.8951525879695","38.9250884418432","29.1747856224671","30.2822639824487","35.5477260017964","41.3655980158306","32.1143791402663","22.8004918371343","7.35077244289594","29.8940942982078","61.5316060979655","29.723848544153","42.7128684715156","39.9694438000523","46.8833348760935","54.0013963824546","76.8007152859777","79.2243527583581","95.7353610950193","44.9517945386898","88.4161282623927","95.4412191851286","79.4862434263142","92.2554737019981","90.0607581658772","81.7048153124028","83.9966047777337","83.6298571174802","109.105628232521","81.961915732629","90.1685162051294","133.465570457406",
"Korea, Rep.","KOR","Personal remittances, received (current US$)","BX.TRF.PWKR.CD.DT","","","","","","","","","","","","","","","","","47000000","103000000","105000000","101000000","562599975.6","690599975.6","784299987.8","920500000","945500000","1157800049","1736599976","2070600098","2504500000","2187100098","2413000000","2677600098","2926699951","2886800049","3087100098","3278800000","3353800000","3886700000","4955000000","4332100000","4523500000","4516200000","5134800000","5875200000","5935200000","5200400000","4849500000","5154900000","6978100000","5999500000","5853700000","6602200000","6589100000","6475400000","6573500000","6463900000","6523600000","6526400000","7125100000","7166100000","7412800000",
"Korea, Rep.","KOR","Foreign direct investment, net inflows (BoP, current US$)","BX.KLT.DINV.CD.WD","","","","","","","","","","","66000000","42000000","496000000","4000000","2000000","6000000","81000000","94000000","89000000","172000000","47100000","155100000","120900000","184300000","223300000","355300000","682500000","838600000","1293100000","1389600000","1045600000","1455200000","1001600000","832300000","1136600000","2487100000","2782600000","3301100000","5989200000","10726300000","11509400000","6522300000","5475100000","7010000000","13294400000","13643200000","9161900000","8826900000","11187500000","9021900000","9497400000","9773000000","9495900000","12766600000","9273600000","4104100000","12104300000","17912900000","12182600000","9634300000","",
"Korea, Rep.","KOR","Surface area (sq. km)","AG.SRF.TOTL.K2","","99260","99260","99260","99260","99260","99260","99260","99260","99260","99260","99260","99260","99260","99260","99260","99260","99260","99260","99260","99260","99260","99260","99260","99260","99260","99260","99260","99260","99260","99260","99260","99260","99260","99260","99260","99260","99260","99260","99260","99260","99540","99590","99600","99620","99650","99680","99720","99830","99900","100030","100030","100150","100266","100280","100295","100339","100360","100370","","",
"Korea, Rep.","KOR","Forest area (sq. km)","AG.LND.FRST.K2","","","","","","","","","","","","","","","","","","","","","","","","","","","","","","","65510","65435","65360","65285","65210","65135","65060","64985","64910","64835","64760","64671","64582","64493","64404","64315","64226","64137","64048","63959","63870","63770","63670","63570","63470","63370","63250","63170","63070","62970","62870",
"Korea, Rep.","KOR","Agricultural land (% of land area)","AG.LND.AGRI.ZS","","21.9054530375285","21.5737093095584","21.7706821480406","22.7140783744557","23.6160066348746","23.99958532034","24.2172921418204","24.2898610823139","24.2276591333195","24.0928882438316","23.833713456355","23.533070702882","23.5434376943811","23.5123367198839","23.5538046858802","23.533070702882","23.5019697283848","23.4605017623886","23.3464648558988","23.2946298984035","23.2738959154053","23.2531619324072","23.1805929919137","23.1080240514203","23.0147211279287","22.9836201534315","23.0043541364296","22.9525191789343","22.7762803234501","22.5896744764669","22.4030686294837","22.143893842007","21.9572879950238","21.7292141820444","21.2315985900892","20.8169189301265","20.5577441426498","20.4126062616629","20.2571013891769","20.4540742276591","20.1054372544966","19.8264283500362","19.6487603305785","19.5517455071266","19.4217862674239","19.1783649876135","18.9847296739579","18.733890091762","18.4937152276942","18.2407407407407","18.068731350962","18.3742678039256","18.154291462238","17.9441650415683","17.815177792601","17.4460708387613","17.1951594708235","16.9401148482363","","",
